Garold,Ladewig,gladewig0@umn.edu,5wIPDxwxZQ,http://dummyimage.com/215x115.bmp/ff4444/ffffff,21-Sep-1999,"Psycle Research",60200,Rue roger coutollenc
Mace,Dando,mdando1@t-online.de,tZSYF9,http://dummyimage.com/168x127.png/dddddd/000000,17-Dec-1984,"Psycle Research",60200,Rue roger coutollenc
Andee,Cornborough,acornborough2@oakley.com,vKsTcqM8He0,http://dummyimage.com/102x194.png/5fa2dd/ffffff,14-Jul-1973,"Tantamare",80320,Route Saint-Jaux
Rob,Lennarde,rlennarde3@cbslocal.com,vo6pI4PwsD1,http://dummyimage.com/100x192.bmp/5fa2dd/ffffff,07-Feb-1989,"Hyper",89000,33 Place du General Weygand
Tracee,Millwater,tmillwater4@t.co,eSPqOoD,http://dummyimage.com/191x191.png/dddddd/000000,07-Sep-1981,"Hyper",89000,33 Place du General Weygand
Garrick,Haith,ghaith5@ca.gov,jPW7mRE,http://dummyimage.com/136x123.bmp/ff4444/ffffff,04-Aug-1988,"Hulu Lab",75001,32 Rue des moineaux
Grantley,Whitmore,gwhitmore6@adobe.com,5u5ZKxq7X6Tz,http://dummyimage.com/177x233.png/cc0000/ffffff,07-Jun-1993,"Hulu Lab",75001,32 Rue des moineaux
Madelin,Romaines,mromaines7@dagondesign.com,3wP0WjhXu,http://dummyimage.com/116x151.bmp/cc0000/ffffff,17-Aug-1985,"Hulu Lab",75001,32 Rue des moineaux
Page,Kretschmer,pkretschmer8@amazon.co.jp,ZUhQwR7y2vkh,http://dummyimage.com/185x118.bmp/cc0000/ffffff,25-May-1992,"Oracle",38600,13 Route des fromagers
Dudley,Carsey,dcarsey9@plala.or.jp,gz9wJgh9,http://dummyimage.com/238x123.jpg/cc0000/ffffff,28-Feb-1982,"Hulu Lab",75001,32 Rue des moineaux
Ediva,Pavlenko,epavlenkoa@dyndns.org,swKVnL498,http://dummyimage.com/160x205.png/ff4444/ffffff,31-May-1989,"Raptor Industries",60300,56 Rue du Colonel Blanchard
Teresa,Dearness,tdearnessb@ustream.tv,SmE8JajsND,http://dummyimage.com/129x198.bmp/5fa2dd/ffffff,21-Mar-1975,"Psycle Research",60200,Rue roger coutollenc
Penelopa,Denisovich,pdenisovichc@usda.gov,o6JF3c1,http://dummyimage.com/145x175.bmp/dddddd/000000,29-Feb-1976,"Raptor Industries",60300,56 Rue du Colonel Blanchard
Meghan,Scuffham,mscuffhamd@admin.ch,jevgAYNh,http://dummyimage.com/236x213.png/cc0000/ffffff,25-Feb-1996,"Psycle Research",60200,Rue roger coutollenc
Wynne,Merryweather,wmerryweathere@de.vu,AIPUhdnXQat,http://dummyimage.com/160x220.jpg/5fa2dd/ffffff,09-Apr-1975,"Raptor Industries",60300,56 Rue du Colonel Blanchard
Denice,Slot,dslotf@examiner.com,JHn9Smxb,http://dummyimage.com/127x125.bmp/dddddd/000000,26-Oct-1999,"Raptor Industries",60300,56 Rue du Colonel Blanchard
Avigdor,Durnan,adurnang@histats.com,nJTi2iVv,http://dummyimage.com/188x107.bmp/cc0000/ffffff,13-Jan-1977,"Psycle Research",60200,Rue roger coutollenc
Erek,Bucktrout,ebucktrouth@squarespace.com,mNo1xPQ,http://dummyimage.com/196x201.png/ff4444/ffffff,05-May-1996,"Raptor Industries",60300,56 Rue du Colonel Blanchard
Dyanna,Maynard,dmaynardi@drupal.org,h5HUILw1,http://dummyimage.com/139x161.jpg/cc0000/ffffff,08-May-1971,"Raptor Industries",60300,56 Rue du Colonel Blanchard
Suzette,Wettern,swetternj@about.me,728o71Qzlfp,http://dummyimage.com/164x249.png/5fa2dd/ffffff,27-Apr-1979,"Oracle",38600,13 Route des fromagers